[
  {"permittee":"Beyond / Hello","location_name":"Ardmore","address":"35 Cricket Ave","city":"Ardmore","state":"PA","zip":"19003","website":"https://beyond-hello.com/pennsylvania-dispensaries/ardmore/"},
  {"permittee":"Beyond / Hello","location_name":"Bristol","address":"1647 Edgely Rd","city":"Levittown","state":"PA","zip":"19057","website":"https://beyond-hello.com/pennsylvania-dispensaries/bristol/"},
  {"permittee":"Beyond / Hello","location_name":"Center City","address":"1201-05 Chestnut St","city":"Philadelphia","state":"PA","zip":"19107","website":"https://beyond-hello.com/pennsylvania-dispensaries/center-city/"},
  {"permittee":"Beyond / Hello","location_name":"Easton","address":"3812 Easton Nazareth Hwy","city":"Easton","state":"PA","zip":"18045","website":"https://beyond-hello.com/pennsylvania-dispensaries/easton/"},
  {"permittee":"Beyond / Hello","location_name":"Irwin","address":"11279 Lincoln Hwy","city":"North Huntingdon","state":"PA","zip":"15642","website":"https://beyond-hello.com/pennsylvania-dispensaries/irwin/"},
  {"permittee":"Curaleaf","location_name":"Bradford","address":"10 Davis St","city":"Bradford","state":"PA","zip":"16701","website":"https://curaleaf.com/shop/pennsylvania/curaleaf-pa-bradford"},
  {"permittee":"Curaleaf","location_name":"DuBois","address":"1420 Bee Line Hwy","city":"DuBois","state":"PA","zip":"15801","website":"https://curaleaf.com/shop/pennsylvania/curaleaf-pa-dubois"},
  {"permittee":"Curaleaf","location_name":"Greensburg","address":"1075 S Main St","city":"Greensburg","state":"PA","zip":"15601","website":"https://curaleaf.com/shop/pennsylvania/curaleaf-pa-greensburg"},
  {"permittee":"Curaleaf","location_name":"Harrisburg","address":"255 N Progress Ave","city":"Harrisburg","state":"PA","zip":"17109","website":"https://curaleaf.com/shop/pennsylvania/curaleaf-pa-harrisburg"},
  {"permittee":"Curaleaf","location_name":"Morton","address":"19 S MacDade Blvd","city":"Morton","state":"PA","zip":"19070","website":"https://curaleaf.com/shop/pennsylvania/curaleaf-pa-morton"},
  {"permittee":"Ethos","location_name":"Allentown","address":"2733 W Emaus Ave","city":"Allentown","state":"PA","zip":"18103","website":"https://ethoscannabis.com/dispensary-locations/pennsylvania/allentown/"},
  {"permittee":"Ethos","location_name":"Northeast Philadelphia","address":"2467 Grant Ave","city":"Philadelphia","state":"PA","zip":"19114","website":"https://ethoscannabis.com/dispensary-locations/pennsylvania/northeast-philadelphia/"},
  {"permittee":"Ethos","location_name":"Montgomeryville","address":"921 Bethlehem Pike","city":"Montgomeryville","state":"PA","zip":"18936","website":"https://ethoscannabis.com/dispensary-locations/pennsylvania/montgomeryville/"},
  {"permittee":"Liberty","location_name":"Aliquippa","address":"2320 Brodhead Rd","city":"Aliquippa","state":"PA","zip":"15001","website":"https://libertycannabis.com/locations/aliquippa-pa/"},
  {"permittee":"Liberty","location_name":"Cranberry","address":"900 Commonwealth Dr","city":"Cranberry Township","state":"PA","zip":"16066","website":"https://libertycannabis.com/locations/cranberry-township-pa/"},
  {"permittee":"Liberty","location_name":"Philadelphia","address":"8900 Krewstown Rd","city":"Philadelphia","state":"PA","zip":"19115","website":"https://libertycannabis.com/locations/philadelphia-pa/"},
  {"permittee":"Rise","location_name":"Carlisle","address":"871 Harrisburg Pike","city":"Carlisle","state":"PA","zip":"17013","website":"https://risecannabis.com/dispensary-locations/pennsylvania/carlisle/"},
  {"permittee":"Rise","location_name":"Duncansville","address":"370 Pound Ln","city":"Duncansville","state":"PA","zip":"16635","website":"https://risecannabis.com/dispensary-locations/pennsylvania/duncansville/"},
  {"permittee":"Rise","location_name":"Erie Peach","address":"1950 Rotunda Dr","city":"Erie","state":"PA","zip":"16509","website":"https://risecannabis.com/dispensary-locations/pennsylvania/erie-peach/"},
  {"permittee":"Rise","location_name":"Latrobe","address":"117 Beatty County Rd","city":"Latrobe","state":"PA","zip":"15650","website":"https://risecannabis.com/dispensary-locations/pennsylvania/latrobe/"},
  {"permittee":"Rise","location_name":"King of Prussia","address":"445 W Dekalb Pike","city":"King of Prussia","state":"PA","zip":"19406","website":"https://risecannabis.com/dispensary-locations/pennsylvania/king-of-prussia/"},
  {"permittee":"Sunnyside","location_name":"Butler","address":"211 New Castle Rd","city":"Butler","state":"PA","zip":"16001","website":"https://www.sunnyside.shop/store/butler-pa"},
  {"permittee":"Sunnyside","location_name":"New Kensington","address":"1701 7th St","city":"New Kensington","state":"PA","zip":"15068","website":"https://www.sunnyside.shop/store/new-kensington-pa"},
  {"permittee":"Sunnyside","location_name":"Philadelphia Center City","address":"1226 Chestnut St","city":"Philadelphia","state":"PA","zip":"19107","website":"https://www.sunnyside.shop/store/philadelphia-center-city-pa"},
  {"permittee":"Sunnyside","location_name":"Pittsburgh","address":"3801 Liberty Ave","city":"Pittsburgh","state":"PA","zip":"15201","website":"https://www.sunnyside.shop/store/pittsburgh-pa"},
  {"permittee":"Trulieve","location_name":"Camp Hill","address":"3645 Capital City Mall Dr","city":"Camp Hill","state":"PA","zip":"17011","website":"https://www.trulieve.com/dispensaries/pennsylvania/camp-hill"},
  {"permittee":"Trulieve","location_name":"Johnstown","address":"339 Main St","city":"Johnstown","state":"PA","zip":"15901","website":"https://www.trulieve.com/dispensaries/pennsylvania/johnstown"},
  {"permittee":"Trulieve","location_name":"Philadelphia","address":"300 Packer Ave","city":"Philadelphia","state":"PA","zip":"19148","website":"https://www.trulieve.com/dispensaries/pennsylvania/philadelphia"},
  {"permittee":"Trulieve","location_name":"Washington","address":"200 Adios Dr","city":"Washington","state":"PA","zip":"15301","website":"https://www.trulieve.com/dispensaries/pennsylvania/washington"},
  {"permittee":"Vytal Options","location_name":"Harrisburg","address":"4658 Jonestown Rd","city":"Harrisburg","state":"PA","zip":"17109","website":"https://vytaloptions.com/locations/harrisburg/"},
  {"permittee":"Vytal Options","location_name":"Lancaster","address":"830 Plaza Blvd","city":"Lancaster","state":"PA","zip":"17601","website":"https://vytaloptions.com/locations/lancaster/"},
  {"permittee":"Vytal Options","location_name":"Kennett Square","address":"817 E Baltimore Pike","city":"Kennett Square","state":"PA","zip":"19348","website":"https://vytaloptions.com/locations/kennett-square/"},
  {"permittee":"Verilife","location_name":"Chester","address":"3401 W 9th St","city":"Chester","state":"PA","zip":"19013","website":"https://www.verilife.com/pa/locations/verilife-chester"},
  {"permittee":"Verilife","location_name":"Manayunk","address":"8950 Ridge Ave","city":"Philadelphia","state":"PA","zip":"19128","website":"https://www.verilife.com/pa/locations/verilife-manayunk"},
  {"permittee":"Verilife","location_name":"Plymouth Meeting","address":"650 W Germantown Pike","city":"Plymouth Meeting","state":"PA","zip":"19462","website":"https://www.verilife.com/pa/locations/verilife-plymouth-meeting"},
  {"permittee":"Zen Leaf","location_name":"Abington","address":"1501 Old York Rd","city":"Abington","state":"PA","zip":"19001","website":"https://zenleafdispensaries.com/locations/abington/"},
  {"permittee":"Zen Leaf","location_name":"Altoona","address":"2710 W Plank Rd","city":"Altoona","state":"PA","zip":"16601","website":"https://zenleafdispensaries.com/locations/altoona/"},
  {"permittee":"Zen Leaf","location_name":"Harrisburg","address":"137 S 17th St","city":"Harrisburg","state":"PA","zip":"17104","website":"https://zenleafdispensaries.com/locations/harrisburg/"}
]
